year_week,week_start,total,positive,neutral,negative,avg_rating,satisfaction_rate,negative_rate
2026-W07,02/09,179,174,0,5,4.759776536312849,97.2,2.8
2026-W08,02/16,21,21,0,0,5.0,100.0,0.0
2026-W09,02/23,35,34,0,1,5.0,97.1,2.9
2026-W10,03/02,3,3,0,0,5.0,100.0,0.0
2026-W11,03/09,32,32,0,0,4.96875,100.0,0.0
