{
  "accuracy": 0.7764976958525346,
  "f1_macro": 0.6091742544792177,
  "precision_macro": 0.5830707668230769,
  "recall_macro": 0.6532728655793277,
  "classification_report": {
    "negative": {
      "precision": 0.5494505494505495,
      "recall": 0.7299270072992701,
      "f1-score": 0.6269592476489029,
      "support": 137.0
    },
    "neutral": {
      "precision": 0.27319587628865977,
      "recall": 0.39849624060150374,
      "f1-score": 0.3241590214067278,
      "support": 133.0
    },
    "positive": {
      "precision": 0.9265658747300216,
      "recall": 0.8313953488372093,
      "f1-score": 0.8764044943820225,
      "support": 1032.0
    },
    "accuracy": 0.7764976958525346,
    "macro avg": {
      "precision": 0.5830707668230769,
      "recall": 0.6532728655793277,
      "f1-score": 0.6091742544792177,
      "support": 1302.0
    },
    "weighted avg": {
      "precision": 0.8201426724596769,
      "recall": 0.7764976958525346,
      "f1-score": 0.7937450115032578,
      "support": 1302.0
    }
  },
  "auroc_macro": 0.8549132190357148
}