{
  "accuracy": 0.8417818740399385,
  "f1_macro": 0.6355106766558168,
  "precision_macro": 0.6516000960294844,
  "recall_macro": 0.6246944278877469,
  "classification_report": {
    "negative": {
      "precision": 0.6716417910447762,
      "recall": 0.656934306569343,
      "f1-score": 0.6642066420664207,
      "support": 137.0
    },
    "neutral": {
      "precision": 0.37755102040816324,
      "recall": 0.2781954887218045,
      "f1-score": 0.3203463203463203,
      "support": 133.0
    },
    "positive": {
      "precision": 0.905607476635514,
      "recall": 0.938953488372093,
      "f1-score": 0.9219790675547098,
      "support": 1032.0
    },
    "accuracy": 0.8417818740399385,
    "macro avg": {
      "precision": 0.6516000960294844,
      "recall": 0.6246944278877469,
      "f1-score": 0.6355106766558168,
      "support": 1302.0
    },
    "weighted avg": {
      "precision": 0.8270477165708683,
      "recall": 0.8417818740399385,
      "f1-score": 0.8333984395434876,
      "support": 1302.0
    }
  },
  "auroc_macro": 0.880133804137167
}