{
  "accuracy": 0.8110599078341014,
  "f1_macro": 0.4318776119126382,
  "precision_macro": 0.7026180038848141,
  "recall_macro": 0.4152312151680055,
  "classification_report": {
    "negative": {
      "precision": 0.7209302325581395,
      "recall": 0.22627737226277372,
      "f1-score": 0.34444444444444444,
      "support": 137.0
    },
    "neutral": {
      "precision": 0.5714285714285714,
      "recall": 0.03007518796992481,
      "f1-score": 0.05714285714285714,
      "support": 133.0
    },
    "positive": {
      "precision": 0.8154952076677316,
      "recall": 0.9893410852713178,
      "f1-score": 0.8940455341506129,
      "support": 1032.0
    },
    "accuracy": 0.8110599078341014,
    "macro avg": {
      "precision": 0.7026180038848141,
      "recall": 0.4152312151680055,
      "f1-score": 0.4318776119126382,
      "support": 1302.0
    },
    "weighted avg": {
      "precision": 0.7806132843114932,
      "recall": 0.8110599078341014,
      "f1-score": 0.7507249463381884,
      "support": 1302.0
    }
  },
  "auroc_macro": 0.812245082345285
}